seed,n_x,epoch,elapsed_sec,train_loss,val_loss,test_nrmse
0,2,0,0.0,nan,2.1075707197189333,1.6632781982421876
0,2,1,11.365987999990466,0.40015779477967456,0.020703386329114438,0.15574302673339843
0,2,2,19.801054900002782,0.010533611586486752,0.003987342538312078,0.0704403018951416
0,2,3,28.275912600001902,0.00677254036153582,0.0030164485797286034,0.06034515380859375
0,2,4,36.82636379999167,0.005127144093752246,0.005160522041842341,0.080452880859375
0,2,5,45.219610100000864,0.00387608476342972,0.002513538068160415,0.05504972457885742
0,2,6,53.72686569999496,0.005777238037394868,0.0032159012742340566,0.06204537868499756
0,2,7,62.36568239999178,0.0036711585443382237,0.0017925090854987503,0.0475656795501709
0,2,8,70.99785719999636,0.004449501903515987,0.002299654297530651,0.05534459114074707
0,2,9,79.57614789999207,0.0030604700970632785,0.0024340332951396705,0.05570429801940918
0,2,10,88.27796589999343,0.004114880329738794,0.004207230266183614,0.0711455249786377
0,2,11,97.0870930999954,0.0030839227018242873,0.0027721379417926075,0.05709299087524414
0,2,12,105.87275009999576,0.0056252600069538776,0.0017760312650352717,0.047449193000793456
0,2,13,114.58627169999818,0.0027146039170805702,0.0014026046264916658,0.0425003433227539
0,2,14,123.34221390000312,0.001909083340168846,0.0023446576669812202,0.05482895851135254
0,2,15,132.26371099999233,0.0039933262054215775,0.0018856560345739126,0.04816686630249024
0,2,16,141.21824950000155,0.0031665262411644853,0.0018055312568321825,0.047917356491088865
0,2,17,150.09751569999207,0.0035936369597700172,0.002225067000836134,0.05272517204284668
0,2,18,159.00967339999625,0.0017746157536748797,0.0012523038778454066,0.04035271167755127
0,2,19,167.9985469999956,0.0035993490177630024,0.001636077743023634,0.04552398204803467
0,2,20,176.81834689999232,0.0022827768698334694,0.001129340718034655,0.037996711730957033
0,2,21,185.80032189999474,0.08342942857151767,0.35095965266227724,0.6563180541992187
0,2,22,194.81913119999808,0.07010463777590882,0.002812606981024146,0.06039644718170166
0,2,23,203.83227839999017,0.0024659844983199782,0.0014154629316180944,0.041786999702453614
0,2,24,212.7672365000035,0.0016045966026881201,0.0012891990249045194,0.03960650444030762
0,2,25,221.8592331999971,0.0014037816409571942,0.0011777805979363621,0.03776619434356689
0,2,26,230.9590843999904,0.0012852827679704535,0.0010437784367240965,0.03599342584609985
0,2,27,240.08041650000087,0.001198862994153222,0.0009827597765251993,0.03480130434036255
0,2,28,249.15362789999926,0.0011229904484935105,0.0009820470004342496,0.034897525310516354
0,2,29,258.348528100003,0.0010742388734466988,0.0009116617497056722,0.03399622678756714
0,2,30,267.4975912999944,0.0010324892183151942,0.0008890378288924694,0.03344150304794311
0,2,31,276.7022930999956,0.0009982929067601535,0.0008673930657096207,0.0330515193939209
0,2,32,285.88329699999304,0.0009790965176018124,0.0008877457934431731,0.03319121837615967
0,2,33,294.59164499999315,0.0009752509358804673,0.0008375692763365805,0.03213921785354614
0,2,34,303.8879179999931,0.0009428719005716795,0.0008232041844166815,0.03208491086959839
0,2,35,312.88053120000404,0.000918062647211958,0.0007749236072413623,0.030963149070739746
0,2,36,322.110440000004,0.0009007530765798451,0.0008382487227208913,0.03220670700073242
0,2,37,331.3662811999966,0.0009052343031560832,0.0007379616727121174,0.030460374355316164
0,2,38,340.6955103999935,0.0008714626826324754,0.0007568874396383762,0.030741047859191895
0,2,39,349.96319300000323,0.0008552220070586455,0.0007201328058727086,0.03016737461090088
0,2,40,359.2578208999912,0.0008776467412562025,0.0008655665325932205,0.03252097606658935
0,2,41,368.5977858999977,0.0008108780920420858,0.0006782124983146787,0.029289467334747313
0,2,42,377.9705719999911,0.00079765092629135,0.0006733724847435951,0.0295581579208374
0,2,43,387.30810490000295,0.0007867871384157545,0.0006388359819538891,0.028417913913726806
0,2,44,396.69538069999544,0.0008488835631975566,0.0013696051319129765,0.03932377576828003
0,2,45,406.10905159999675,0.0010163066895488141,0.0006794366636313498,0.029831912517547608
0,2,46,415.5463077000022,0.0008218003825856034,0.0009795425459742547,0.03565625429153443
0,2,47,424.6399395999906,0.0007742149292343212,0.0006631014111917466,0.028608274459838868
0,2,48,433.554455599995,0.0009671565031484616,0.0009281390579417348,0.03285755634307861
0,2,49,442.99404589999176,0.000758191018989733,0.000683283171383664,0.029115593433380126
0,2,50,452.46409939999285,0.0016387273075948046,0.0005751762364525348,0.02741471529006958
0,2,51,461.8608880999964,0.001187703262654726,0.0019369136542081832,0.047881274223327636
0,2,52,471.33774119999725,0.0015305882420348512,0.0005866078659892082,0.026856138706207275
0,2,53,480.87708819999534,0.0006450104986222207,0.0004835414933040738,0.02577143669128418
0,2,54,490.48945419999654,0.0014874413874084976,0.002043628552928567,0.0508721923828125
0,2,55,500.0722526000027,0.002489561380405741,0.014084433112293482,0.1303359889984131
0,2,56,509.66079829999944,0.003517279029024807,0.0004311171069275588,0.022999706268310546
0,2,57,519.221862499995,0.0004960967119338668,0.00024794807250145824,0.017891377210617065
0,2,58,528.8454275999975,0.0005082312047968364,0.00030579231679439545,0.020140347480773927
0,2,59,538.2507966999983,0.0005580590024526992,0.004214872187003493,0.07349473476409912
0,2,60,547.8112772000022,0.0010040617297900926,0.00025385510234627874,0.017785247564315796
1,2,0,0.0,nan,3.4349371433258056,2.097817687988281
1,2,1,12.446980099994107,0.5179644866253842,0.03157087936997414,0.18909751892089843
1,2,2,21.72243829999934,0.017225952988321133,0.004651941591873765,0.07859426498413086
1,2,3,31.06816819999949,0.005136937209912999,0.003375181881710887,0.06583358287811279
1,2,4,40.39513910000096,0.004043919933875176,0.0028507755370810626,0.060673766136169434
1,2,5,49.87894409999717,0.0034337558000433173,0.002885943092405796,0.062384033203125
1,2,6,59.18447300000116,0.0035047154524363577,0.003047403506934643,0.06103287220001221
1,2,7,68.46872269999585,0.0028074035230516033,0.0022143203066661956,0.052927584648132325
1,2,8,77.73569529999804,0.004736138989259912,0.002862381562590599,0.05861763000488281
1,2,9,87.07149119999667,0.0029030689197084444,0.0017797149484977126,0.048535456657409666
1,2,10,96.35853430000134,0.002549989077537744,0.0019527509110048413,0.05074301719665528
1,2,11,105.6085516000021,0.0019886110729368574,0.002735207718797028,0.05704811096191406
1,2,12,115.03432439999597,0.003560411190846935,0.002047698269598186,0.05083636283874512
1,2,13,124.39489549999416,0.002929705763976513,0.0033042924711480736,0.06250581741333008
1,2,14,133.79763559999992,0.003290077970384366,0.0017835330450907349,0.047236146926879885
1,2,15,143.03248569999414,0.003075372361556881,0.0021947433473542334,0.05198073387145996
1,2,16,152.3788315999991,0.0021534208128948444,0.002081755758263171,0.050429973602294925
1,2,17,161.68165169999702,0.00226633685154163,0.007701600156724453,0.09391280174255372
1,2,18,170.94725800000015,0.005785918119892647,0.0014832181157544255,0.043816328048706055
1,2,19,180.33681529999012,0.0018214658061465757,0.0021127326181158423,0.05064404487609863
1,2,20,189.90419299999485,0.0025906361115630716,0.002782508684322238,0.05864492416381836
1,2,21,199.36111449998862,0.0031907740419476545,0.002556704240851104,0.05511263847351074
1,2,22,208.87339539999084,0.001779375222130594,0.001308953098487109,0.04099028110504151
1,2,23,218.18617449999147,0.0014523224540012466,0.0013289899798110127,0.040606331825256345
1,2,24,227.56446110000252,0.0034949621053370224,0.013207858800888062,0.1289993381500244
1,2,25,236.94220359998872,0.005451088125648146,0.0011953815352171659,0.03912816762924194
1,2,26,246.30550930000027,0.0018373164533510465,0.0018715307349339127,0.04806557655334473
1,2,27,255.59603809998953,0.0015963182456537404,0.001152215339243412,0.03796162366867065
1,2,28,264.9921502999932,0.0015459402559579096,0.0011473893886432053,0.038043534755706786
1,2,29,274.6530911000009,0.0014379711541220206,0.0010502857388928533,0.03646861791610718
1,2,30,284.19252319999214,0.0026506778720596976,0.006430405052378773,0.08707193374633788
1,2,31,293.82514079999237,0.0052671532294797626,0.0012516269809566439,0.03970569849014282
1,2,32,303.5631277999928,0.0013618617191572082,0.0010172220994718374,0.03631291389465332
1,2,33,312.9142281999957,0.0012381186983971434,0.001153225335292518,0.0381406307220459
1,2,34,322.30066429999715,0.0015024731083857741,0.0021766185527667403,0.05279707908630371
1,2,35,331.63740219999454,0.004280828833791681,0.008475436642766,0.09745657920837403
1,2,36,341.0552180999948,0.0020257910443681544,0.001007820083759725,0.03565641164779663
1,2,37,350.4228875999979,0.0013445859632073816,0.0010219780262559653,0.0358270788192749
1,2,38,359.92831409999053,0.003121862092732706,0.0058379243593662975,0.08404226303100586
1,2,39,369.35538789999555,0.0030887995195702056,0.0014429291943088174,0.04182252883911133
1,2,40,378.6677653999941,0.0015367248984561725,0.0014675481477752327,0.04381267547607422
1,2,41,387.90792139999394,0.0013831014300442555,0.002559423283673823,0.05620849132537842
1,2,42,397.2118214999937,0.0024456751707475632,0.0025005457457154988,0.05627173900604248
1,2,43,406.69376919999195,0.0019287498990624126,0.0011160386027768254,0.0373877763748169
1,2,44,416.21031689998927,0.001117691720454869,0.0008820021408610046,0.03339303970336914
1,2,45,425.59072279999964,0.0025046090145637704,0.003555634990334511,0.06679513931274414
1,2,46,434.95477359999495,0.0020171087817288935,0.0010278318193741142,0.03587810039520264
1,2,47,444.4281895000022,0.002288739972176369,0.0020430994452908637,0.05054756641387939
1,2,48,454.0355927999917,0.002631582018114965,0.0022146953037008644,0.05376428127288818
1,2,49,463.4584701999993,0.0019646497358652678,0.001872860873118043,0.04729753494262695
1,2,50,472.8391002999997,0.004419763379370455,0.002819649619050324,0.05948732852935791
1,2,51,482.4315962999972,0.0018837297830032185,0.0012784324702806772,0.04014386653900146
1,2,52,491.8689207999996,0.0010798430580920963,0.0008200308657251298,0.03247044086456299
1,2,53,501.2303501999995,0.0011659855544249613,0.0032944674137979748,0.06338382244110108
1,2,54,510.6085605999979,0.0020439987764058806,0.0014274605782702565,0.04190303802490234
1,2,55,520.1131733999937,0.0018565100075317207,0.0017592209856957196,0.04527158737182617
1,2,56,529.6615969999984,0.0013713049583285201,0.0019120563287287951,0.04904129981994629
1,2,57,539.0407825000002,0.002354852032360875,0.0020767284790053965,0.049180850982666016
1,2,58,548.5168758999935,0.001304559817072004,0.003024719492532313,0.05835176944732666
1,2,59,558.060759999993,0.002429423642090776,0.0008775926544331014,0.03344567775726318
1,2,60,567.5055016999977,0.0010069905970753593,0.0005864626553375274,0.027391209602355956
2,2,0,0.0,nan,1.7170268774032593,1.4864186096191405
2,2,1,12.555769899990992,0.5751504505222494,0.04936050772666931,0.24350179672241212
2,2,2,21.951243999996223,0.0501886013133282,0.01815878916531801,0.14772892951965333
2,2,3,31.358330000002752,0.020764969543299892,0.01280838754028082,0.13014863014221192
2,2,4,40.85222800000338,0.02008481363935227,0.013886631466448307,0.13052962303161622
2,2,5,50.386106299993116,0.013883524299175902,0.007490372378379106,0.09666205406188964
2,2,6,59.969805100001395,0.013993144765580919,0.006116113997995854,0.09041521072387695
2,2,7,69.44185469999502,0.009628149511461908,0.006009906623512506,0.08820563316345215
2,2,8,78.86980329999642,0.01109418125865473,0.005308302026242018,0.08473697662353516
2,2,9,88.29473049999797,0.007203883787786419,0.00442096758633852,0.07734835624694825
2,2,10,97.72855410000193,0.013081139810806648,0.0069009274244308475,0.09230280876159667
2,2,11,107.1212366999971,0.005400019422681494,0.00969362175092101,0.111824369430542
2,2,12,116.57517339999322,0.008119880401698703,0.014578192308545113,0.13742316246032715
2,2,13,126.03944259999844,0.0075579096870073545,0.002320042112842202,0.05570811271667481
2,2,14,135.40679799999634,0.005017936536618931,0.002516479347832501,0.05832708358764648
2,2,15,144.85728719999315,0.006620171400506727,0.004955679317936302,0.08023188591003418
2,2,16,154.31539119999798,0.0038207944969392634,0.0038399526849389074,0.07035931587219238
2,2,17,163.6824951000017,0.005166579635856165,0.006745549757033587,0.09152515411376953
2,2,18,172.98062370000116,0.004766138423953883,0.003151898365467787,0.06520074367523193
2,2,19,182.34944619999442,0.007144485409794884,0.0026635588612407444,0.06024750232696533
2,2,20,191.7272374000022,0.0038026302116288043,0.0033010194078087808,0.06472808361053467
2,2,21,201.2431113999919,0.0054954755310477185,0.005901621468365192,0.08796299934387207
2,2,22,210.63140450000355,0.004694338057147847,0.0016654926352202893,0.0464095401763916
2,2,23,220.1747452999989,0.0035923399713779377,0.0049488447606563565,0.08038501739501953
2,2,24,229.66027939999185,0.007982298350808296,0.0020106338895857336,0.052311367988586426
2,2,25,239.1292589999939,0.0035989911888133397,0.0036701977718621493,0.07207064628601074
2,2,26,248.53944039999624,0.006162623276891695,0.0022291382541880012,0.05475177764892578
2,2,27,257.9889583999902,0.0026603440002707594,0.002491567865945399,0.05745059013366699
2,2,28,267.4389266999933,0.004899351391941309,0.005788128450512886,0.08216822624206543
2,2,29,276.8674133000022,0.0034226987151090393,0.004701531585305929,0.07529762744903565
2,2,30,286.2439405999903,0.004983536504865201,0.0017118657706305385,0.04913823127746582
2,2,31,295.7130065999954,0.004682937110456723,0.002460437803529203,0.05748042583465576
2,2,32,305.1908478999976,0.0041789724359246475,0.01259453184902668,0.12252655029296874
2,2,33,314.59647809999296,0.006968950360632417,0.001659464417025447,0.04566843509674072
2,2,34,323.94924529999844,0.0029950391326565295,0.0017596023390069604,0.04758317470550537
2,2,35,333.33645709999837,0.0054385832309807565,0.005109816510230303,0.07686387538909913
2,2,36,342.7779895999993,0.002509624342730438,0.0026813406962901353,0.055431036949157714
2,2,37,352.13209529999585,0.004137647327628325,0.002092389203608036,0.05358387470245361
2,2,38,361.4516877999995,0.006063018906967376,0.00228010299615562,0.054951534271240235
2,2,39,370.87836609999067,0.004421013391534375,0.0012618117965757848,0.04017716407775879
2,2,40,380.36098800000036,0.0030800530829847876,0.0030304235173389316,0.05995347499847412
2,2,41,389.7707032000035,0.003379784553544596,0.00739612877368927,0.09612920761108398
2,2,42,399.1489101999905,0.009412154494467277,0.04341915175318718,0.23469017028808595
2,2,43,408.5474763999955,0.2539431325329298,0.01125377556309104,0.11044262886047364
2,2,44,417.9902015999978,0.012541730406651781,0.0030873131472617388,0.06492824077606202
2,2,45,427.40603509999346,0.0030275140730240805,0.0015420418232679367,0.04334481239318848
2,2,46,436.8168139000045,0.0018952199527782134,0.0013033374561928213,0.0407867956161499
2,2,47,446.2898293000035,0.001814436355330558,0.001578870788216591,0.045739336013793944
2,2,48,455.7686876999942,0.0017479550336826253,0.0012464707135222853,0.0406755256652832
2,2,49,465.1795901000005,0.0017541043687908148,0.0013580164639279246,0.04264788627624512
2,2,50,474.6223190000019,0.0018501457710623402,0.001785040064714849,0.04889199256896973
2,2,51,484.10082859999966,0.0016721985144117339,0.001423358591273427,0.04362484931945801
2,2,52,493.6042950999981,0.0017878026145891372,0.001252257393207401,0.0401553201675415
2,2,53,503.0122796999931,0.0015902376114602455,0.001046291715465486,0.036919260025024415
2,2,54,512.4733863000001,0.0033487483689730816,0.0028072095941752196,0.05951818943023682
2,2,55,521.9162779000035,0.0016584269840016284,0.001271841733250767,0.039520390033721924
2,2,56,531.3772912999993,0.0017231105011887848,0.0011738125118426978,0.03989697217941284
2,2,57,540.7163054999983,0.0020199603962034666,0.002054969244636595,0.05069550514221191
2,2,58,550.1372938999993,0.002518926773601296,0.0033753106370568277,0.06949622631072998
2,2,59,559.6354686999985,0.0034195096179080956,0.002885610144585371,0.05602279663085938
2,2,60,569.1339484999917,0.0019346091483550315,0.0010807513259351253,0.03721217632293701
0,8,0,0.0,nan,67.94564056396484,9.57835205078125
0,8,1,12.624691500008339,3.198761297897859,0.4093634694814682,0.6991391754150391
0,8,2,22.190472700007376,0.26267076520757243,0.1147164061665535,0.37250930786132813
0,8,3,31.845077700010734,0.12062449685551903,0.06911963820457459,0.29146265029907226
0,8,4,41.48741549999977,0.07635078257457777,0.046153435856103896,0.23863351821899415
0,8,5,51.07326309999917,0.05207472319968722,0.03209761641919613,0.19881074905395507
0,8,6,60.65844749999815,0.03611916375600479,0.022401981800794602,0.16576908111572267
0,8,7,70.26580069999909,0.02507727030156688,0.015742534771561623,0.13989924430847167
0,8,8,79.87762169999769,0.018056340176950802,0.011982307024300098,0.12231715202331543
0,8,9,89.44843590000528,0.014207847056571733,0.009905226714909076,0.11129619598388672
0,8,10,99.01881429999776,0.011822507632049646,0.008510008733719588,0.10294342994689941
0,8,11,108.53387820000353,0.01013218408281153,0.007256012503057718,0.09528720855712891
0,8,12,118.16374950000318,0.008729407500306314,0.006366681959480047,0.08924425125122071
0,8,13,127.72216879999905,0.007609186249531128,0.0055588104762136934,0.08369607925415039
0,8,14,137.31132510000316,0.006736087644557384,0.004931222926825285,0.07872015953063966
0,8,15,146.87201430001005,0.005972558420828797,0.0044460130855441095,0.0752860164642334
0,8,16,156.36676850001095,0.00533489692448215,0.00394556662067771,0.07073625087738038
0,8,17,165.94071629999962,0.004793496580201794,0.003580514108762145,0.06747510433197021
0,8,18,175.57483730000968,0.004364482312336226,0.0032300582621246575,0.06382638931274415
0,8,19,185.15517040000123,0.003969809955874966,0.0030101809184998273,0.061821794509887694
0,8,20,194.64858180000738,0.0036256190029565582,0.0028023123275488617,0.06000977039337158
0,8,21,204.19247730000643,0.003354481553701176,0.0025447852443903685,0.05681397914886475
0,8,22,213.7196632999985,0.0031007299919358707,0.0023538418579846622,0.0549379825592041
0,8,23,223.26461680000648,0.0028795587343417787,0.002201293455436826,0.053074941635131836
0,8,24,232.70082110000658,0.0027081632235256784,0.0020495628472417594,0.05127048015594483
0,8,25,242.21915240000817,0.0025152680517004974,0.0019400920486077667,0.049669933319091794
0,8,26,251.86987910000607,0.0023904528299515896,0.001817607437260449,0.04823392391204834
0,8,27,261.37804180000967,0.0022195260336791926,0.0017359839286655188,0.04719890117645264
0,8,28,270.86825440000393,0.0021003293778366324,0.0016316124238073826,0.04572873115539551
0,8,29,280.4371417000075,0.0019848557977556166,0.001576440455392003,0.045029187202453615
0,8,30,289.9364124999993,0.0018793926045129244,0.0014623938594013452,0.0432078218460083
0,8,31,299.4232933000021,0.001790483251997185,0.0014060777146369218,0.042466111183166504
0,8,32,308.86785530000634,0.001688243974719874,0.0013433331158012151,0.04139076709747314
0,8,33,318.29249269999855,0.0016053512385538356,0.0012876184191554785,0.0404496431350708
0,8,34,327.77202080001007,0.0015486060133711858,0.001230240159202367,0.039580557346344
0,8,35,337.22550890001,0.0014763755025342107,0.0011931397253647446,0.03894659996032715
0,8,36,346.75412060000235,0.001420670181026005,0.001156698982231319,0.038607816696166995
0,8,37,356.30546630000754,0.0013821959278588606,0.0011039721663109957,0.03760175704956055
0,8,38,365.9265565000096,0.0013065589909357104,0.0010623580776154995,0.03671615362167358
0,8,39,375.5170761000045,0.0012721249685538087,0.0011509262723848224,0.038784983158111574
0,8,40,385.0516857000039,0.0012194862197661264,0.0010510281776078046,0.03677198886871338
0,8,41,394.5719523000007,0.0011864181195216422,0.0009517429396510124,0.03493694305419922
0,8,42,404.1503964000003,0.0011119375135008754,0.0009057252085767686,0.03408533096313476
0,8,43,413.6293627999985,0.0010722934107021006,0.0008886683732271195,0.03355984926223755
0,8,44,423.16874290000123,0.0010455875572833147,0.0009066459606401622,0.03364116907119751
0,8,45,432.8472712000075,0.0010128197278721598,0.0008159201126545668,0.03220150947570801
0,8,46,442.4766993000085,0.0009636348444142972,0.0008107394096441567,0.03195489645004272
0,8,47,452.0557772000029,0.0009379438693444667,0.0007796573801897467,0.031290650367736816
0,8,48,461.6631080000079,0.0009160618911581961,0.0007529138470999897,0.0307576322555542
0,8,49,471.15791210001044,0.0008813566025558182,0.00072737499140203,0.03052972078323364
0,8,50,480.74902000000293,0.0008549368675713512,0.0007378910202533006,0.030333654880523683
0,8,51,490.27091279999877,0.0008335511202775789,0.0007004829705692828,0.029899773597717286
0,8,52,499.84777540000505,0.000823405220713043,0.0007180545828305185,0.030184502601623534
0,8,53,509.4253463000059,0.0008048064138909632,0.0006866482435725629,0.029324567317962645
0,8,54,519.0445310000068,0.0007942278290019286,0.0006561452522873878,0.029057648181915283
0,8,55,528.5867890000081,0.0007384208769177679,0.0006382818450219929,0.02804948329925537
0,8,56,538.0864041000023,0.0007275825839976526,0.0005997959873639047,0.027769081592559815
0,8,57,547.6680379000027,0.0006947548443515024,0.000598231318872422,0.02764629602432251
0,8,58,557.328822800002,0.000680872567252002,0.0005700579145923257,0.0266648530960083
0,8,59,566.8505299000099,0.000669766692391766,0.0005447011033538729,0.02625408411026001
0,8,60,576.3946144000074,0.0006560851774834605,0.0005396135908085853,0.026026046276092528
1,8,0,0.0,nan,198.43552856445314,16.3580126953125
1,8,1,12.702740099994116,6.390408106825569,0.25808307230472566,0.5773200225830079
1,8,2,22.27740819999599,0.1929725527086041,0.0974129855632782,0.351330451965332
1,8,3,31.818349499997566,0.09628755497661504,0.056252873688936236,0.2668894386291504
1,8,4,41.38312280000537,0.0601568321951411,0.0366955578327179,0.2154266357421875
1,8,5,50.94388049999543,0.04007949083196846,0.025425303727388382,0.17864662170410156
1,8,6,60.49559540000337,0.028246834069829096,0.01853518858551979,0.15274975776672364
1,8,7,70.01174729999912,0.02020191748372533,0.012903864681720733,0.12694653511047363
1,8,8,79.89430210000137,0.014275748536668041,0.00995685588568449,0.11345109939575196
1,8,9,89.42389829999593,0.010960436701266603,0.007990973722189664,0.10136452674865723
1,8,10,98.90086569999403,0.008828825190324675,0.006852184608578682,0.09485483169555664
1,8,11,108.36941289999231,0.007674055152826689,0.006222485192120075,0.09016804695129395
1,8,12,117.8140018999984,0.006823307019658387,0.005663994234055281,0.08665275573730469
1,8,13,127.58808970000246,0.006234068275344643,0.005223419144749641,0.08281481742858887
1,8,14,137.47037779999664,0.0058032549303871665,0.004841777496039867,0.07994478702545166
1,8,15,146.9873207000055,0.0055257878901267595,0.005075533455237746,0.08148886680603028
1,8,16,156.5657879999926,0.005119023336605592,0.004378590313717723,0.07624568939208984
1,8,17,166.11998619999213,0.004793664726259356,0.004129892634227872,0.07385003089904785
1,8,18,175.65749030000006,0.0045247461265799675,0.003934231773018837,0.07232241153717041
1,8,19,185.2037532999966,0.004366360758219592,0.0038808468263596295,0.07118472576141358
1,8,20,194.72737130000314,0.004198221606202424,0.003770431317389011,0.07178515434265137
1,8,21,204.29841059999308,0.004016978391022844,0.003592930408194661,0.06892564296722412
1,8,22,213.80475680000382,0.003814961269116876,0.003402007557451725,0.06681745052337647
1,8,23,223.36743309999292,0.003719554901842705,0.0033602830953896046,0.06800474166870117
1,8,24,232.9219019000011,0.0035385894377461887,0.0033199805300682785,0.0672670555114746
1,8,25,242.4932453999936,0.003402335378764705,0.003359533753246069,0.06621093273162842
1,8,26,252.0763020000013,0.003278684426649389,0.0029759328346699475,0.06248552322387695
1,8,27,261.8215008999978,0.0032511750151487913,0.0028268252033740284,0.06089810848236084
1,8,28,271.5701171999972,0.003015131165739149,0.0026991726830601693,0.059934840202331544
1,8,29,281.2578189000051,0.002910618410996077,0.0027535159140825273,0.0601043176651001
1,8,30,290.85710730000574,0.0029991949770853603,0.002586945053189993,0.05870904445648193
1,8,31,300.4042613000056,0.0028092260419560425,0.002453904948197305,0.05748804569244385
1,8,32,310.0632826999936,0.002823486463801766,0.002594308601692319,0.058296737670898435
1,8,33,319.69078499999887,0.002674125441858037,0.002270936989225447,0.05468892097473144
1,8,34,329.321841500001,0.0025792405781844122,0.002344835316762328,0.05536644458770752
1,8,35,338.86343680000573,0.0026333810105411844,0.0022297251503914594,0.05411574840545654
1,8,36,348.5282997000031,0.002421356420117346,0.0021997407311573625,0.054035401344299315
1,8,37,358.16221130000486,0.002437406124293127,0.002112097037024796,0.05245454788208008
1,8,38,367.77377620000334,0.002336284748955884,0.0020985495997592808,0.05208803653717041
1,8,39,377.3448042999953,0.002347059119281105,0.002212194656021893,0.05338415622711182
1,8,40,386.9566901999933,0.0022827982796694746,0.001948659773916006,0.050360803604125974
1,8,41,396.59034140000585,0.002509795023467053,0.0021524605574086307,0.05260477066040039
1,8,42,406.2249382000009,0.002270452821076932,0.001885997410863638,0.04959571838378906
1,8,43,415.8238527999929,0.0021621636088556525,0.0018710241885855794,0.05019824504852295
1,8,44,425.4118104999943,0.0021243486209476196,0.001766672870144248,0.048166303634643554
1,8,45,434.97425299999304,0.0022502975453707304,0.0018796525197103619,0.05024886608123779
1,8,46,444.4693193999992,0.002075176387072795,0.0017567327478900552,0.04848269939422607
1,8,47,454.0473009999987,0.002402530715864321,0.001712880004197359,0.047136173248291016
1,8,48,463.54680830000143,0.002151541668519547,0.0018630139296874405,0.048975229263305664
1,8,49,473.03610599999956,0.001930005041437901,0.0017160072922706604,0.04730722427368164
1,8,50,482.4553593000019,0.0020187974627002736,0.0021897698752582073,0.052534146308898924
1,8,51,492.01568589999806,0.0019712635019624777,0.002269263844937086,0.05366300106048584
1,8,52,501.6108238000015,0.0019295022674751553,0.0016039133304730057,0.04632430553436279
1,8,53,511.1920168999932,0.001930557784031738,0.003792826505377889,0.06743232727050781
1,8,54,520.6811632000026,0.0026700527655934407,0.0016975207719951868,0.04665679454803467
1,8,55,530.2971838999947,0.001808914210414514,0.0016263681929558516,0.04624820232391357
1,8,56,539.8921035999956,0.002168952220183035,0.001402566023170948,0.04298200130462646
1,8,57,549.4894313999976,0.0023520276008639485,0.0034336847253143787,0.0635563325881958
1,8,58,559.0030332000024,0.002139686220537194,0.003688147943466902,0.06800126552581787
1,8,59,568.5540578999935,0.003589576134056022,0.0014137058053165675,0.0430795955657959
1,8,60,578.0399967999983,0.0017374990301587704,0.001388532272540033,0.04246317863464356
2,8,0,0.0,nan,10.204929161071778,3.715333251953125
2,8,1,12.65339920000406,0.5024776374074545,0.03562782444059849,0.2124919891357422
2,8,2,22.193310000002384,0.023635497359050947,0.007101173512637615,0.09713973045349121
2,8,3,31.67945690000488,0.006549038426865908,0.0038910659030079843,0.07142227172851562
2,8,4,41.23770630000217,0.004158970211971213,0.00286899171769619,0.061383957862854006
2,8,5,50.77415589999873,0.003339875097894533,0.0022847140207886696,0.054775266647338866
2,8,6,60.348871499998495,0.0028358840870416975,0.0024960174690932036,0.05648881912231445
2,8,7,69.89353940000001,0.0023751480674201794,0.0031183043960481883,0.0630956506729126
2,8,8,79.41675730000134,0.002794516757024791,0.0019635583739727736,0.050482807159423826
2,8,9,88.92729340000369,0.0020036948421462016,0.001959622069261968,0.04940976619720459
2,8,10,98.48285190000024,0.004384556163462217,0.0017505638534203172,0.04767200946807861
2,8,11,108.04603920000955,0.0021391969851472163,0.001507720281369984,0.04463850975036621
2,8,12,117.67354590000468,0.002591437795093622,0.0016857681795954705,0.04765794277191162
2,8,13,127.25624620000599,0.004025976816509766,0.004592921212315559,0.07491416931152343
2,8,14,136.83397700000205,0.001853387895442376,0.0010832464089617134,0.03771697998046875
2,8,15,146.38933479999832,0.002355402115922929,0.010927232261747123,0.1145079231262207
2,8,16,155.95913930000097,0.003325621047141877,0.004581747809424996,0.07508201599121093
2,8,17,165.58568960000412,0.0021782295873642647,0.001027612981852144,0.03614184617996216
2,8,18,175.11554250000336,0.004097492860058661,0.007307622395455837,0.09720161437988281
2,8,19,184.7130659000104,0.0028148812390017238,0.001768176187761128,0.04714448451995849
2,8,20,194.31443730001047,0.0014104210964763877,0.0025371465599164367,0.0557167387008667
2,8,21,203.964012299999,0.0020710791207172656,0.0014627347933128475,0.042410268783569335
2,8,22,213.5080655000056,0.003241171467710625,0.012000957038253546,0.12128690719604492
2,8,23,223.11126780000632,0.0027974261412799187,0.0018640890484675765,0.049064931869506834
2,8,24,232.72764409999945,0.001594465944270434,0.0013109664665535091,0.04156128883361816
2,8,25,242.28490340001008,0.0012475916155381128,0.0008601312874816358,0.03329972743988037
2,8,26,251.67808280000463,0.0028671222270614553,0.0006044582289177925,0.02810610055923462
2,8,27,261.1943646,0.0026475735014008187,0.0012996685225516557,0.04243971824645996
2,8,28,270.81091190000006,0.0012364857248030603,0.00048702836502343414,0.025026707649230956
2,8,29,280.4316480999987,0.0031583723215259274,0.008509768266230821,0.10498152732849121
2,8,30,289.9815813000023,0.00338949742118447,0.000515601591905579,0.025967724323272705
2,8,31,299.65095999999903,0.0018841809730722823,0.005414166720584035,0.08018819808959961
2,8,32,309.3174694000045,0.0017517182978653264,0.0006830071564763784,0.029167935848236085
2,8,33,318.9711540999997,0.0021467082836104305,0.0033647822681814434,0.06524843692779542
2,8,34,328.61681820001104,0.002056125210153616,0.0004196276946458966,0.02361107587814331
2,8,35,338.2163206999976,0.0005966104885870168,0.000980970321688801,0.03448300838470459
2,8,36,347.82975460001035,0.0036728739234438926,0.00134083159500733,0.039593513011932376
2,8,37,357.4329730000027,0.0011195928845237095,0.0004382504092063755,0.024297425746917723
2,8,38,366.9881322000001,0.000716220981055151,0.0003565773135051131,0.02153024435043335
2,8,39,376.5686876000109,0.0022437590761745178,0.00045560374855995177,0.023979606628417968
2,8,40,386.1528057999967,0.001032898022623902,0.008748361980542541,0.1016145420074463
2,8,41,395.77505520000705,0.003980114726635458,0.0015877370722591877,0.0431205415725708
2,8,42,405.3873862000037,0.0013667233764532614,0.004296936001628638,0.07246809005737305
2,8,43,415.00580290000653,0.002109774043095637,0.00046279765083454547,0.02450162887573242
2,8,44,424.5763978000032,0.0016030493974209423,0.001235614053439349,0.04010110855102539
2,8,45,434.154846800011,0.0013087900601517917,0.0003175594727508724,0.02048473596572876
2,8,46,443.773045599999,0.0024895033705185847,0.0005487984628416598,0.026238839626312255
2,8,47,453.3631585999974,0.0019487780882627703,0.00232767581474036,0.051478028297424316
2,8,48,462.9986984999996,0.0010234855409097772,0.0004920231876894832,0.02491408824920654
2,8,49,472.54867830000876,0.0019188764120124026,0.003522889316082001,0.06629776954650879
2,8,50,482.17478810000466,0.0023694574066956357,0.00030370922468136996,0.01959962844848633
2,8,51,491.80079419999674,0.00045376633749004793,0.00028315128292888403,0.019271520376205446
2,8,52,501.3946003000019,0.0022612727413864127,0.0006292373989708721,0.029623827934265136
2,8,53,510.8760980000079,0.0026504305748279544,0.004883062420412898,0.07842806816101074
2,8,54,520.430665500011,0.0017395080417786216,0.0005601373442914337,0.026385488510131835
2,8,55,529.8991750999994,0.0011616010259868663,0.0007976481691002845,0.032582681179046634
2,8,56,539.4581372000102,0.0017501412142089314,0.0019444806268438697,0.05059808254241943
2,8,57,548.9835834999976,0.0025337420890785074,0.0003326457110233605,0.019826023578643798
2,8,58,558.5783124000009,0.000409307079032508,0.00021779707167297603,0.01685122013092041
2,8,59,568.1776446000003,0.002313628411436432,0.0016656500520184636,0.04550877094268799
2,8,60,577.7558401999995,0.0005379694088002328,0.000286225086892955,0.01920670747756958
0,14,0,0.0,nan,29.038589477539062,6.08762939453125
0,14,1,12.981718299997738,1.396325825967572,0.1075779527425766,0.37269561767578124
0,14,2,22.64970720000565,0.08522319057109681,0.041169983148574826,0.23786575317382813
0,14,3,32.47707759999321,0.038699833041226324,0.021553768962621688,0.17392724990844727
0,14,4,42.27423349999299,0.02836035992103544,0.023486722260713577,0.17570493698120118
0,14,5,52.081079199997475,0.01679042874920097,0.00752453887835145,0.10364784240722656
0,14,6,61.894008300005225,0.02239371861585162,0.006194757111370563,0.09414944648742676
0,14,7,71.8516982000001,0.007309535719369623,0.00525502972304821,0.0867832851409912
0,14,8,81.76250519999303,0.010325029693459246,0.007818854600191116,0.10021533012390137
0,14,9,91.6412871999928,0.008829307869415392,0.01662145759910345,0.14537802696228028
0,14,10,101.45914500000072,0.008210623599800536,0.0034720657858997583,0.06913052082061767
0,14,11,111.31839699999546,0.0111732069847428,0.011857599951326847,0.1257938861846924
0,14,12,121.20421369999531,0.005684996780473739,0.01878152396529913,0.15806207656860352
0,14,13,131.0290083,0.0062678481653248045,0.0032509780023247,0.06685858249664306
0,14,14,140.9155829999945,0.008097960285588422,0.004503028467297554,0.0746047067642212
0,14,15,150.8602802999958,0.004771818332797425,0.0031160122714936735,0.06525077342987061
0,14,16,160.80227220000234,0.008599290380847047,0.03477857187390328,0.21053972244262695
0,14,17,170.63001480000094,0.005071655995297161,0.002093543787486851,0.05352862358093262
0,14,18,180.39888449999853,0.003585286343216219,0.005471125338226556,0.08696048736572265
0,14,19,190.26878050000232,0.004281128211666576,0.004554349090903997,0.07560447216033936
0,14,20,200.11687789999996,0.005159426962067796,0.004762591049075127,0.07737473964691162
0,14,21,209.9892683999933,0.0062754132509739565,0.0018629397731274367,0.04972858428955078
0,14,22,219.96102849999443,0.0020791477714241905,0.0017056224402040242,0.04702308654785156
0,14,23,229.863869599998,0.004931127541402186,0.0022783795138821006,0.05600945472717285
0,14,24,239.81110649999755,0.00210361426632682,0.0013639407232403755,0.0425120735168457
0,14,25,249.61945610000112,0.011250170670047572,0.0036683461163192987,0.06772191047668458
0,14,26,259.572880599997,0.00225978787321682,0.001363098155707121,0.043001022338867184
0,14,27,269.4602540000051,0.0018304827892941169,0.0012043634080328048,0.03984369516372681
0,14,28,279.3148554000072,0.0019591917013961142,0.002997456258162856,0.06149001121520996
0,14,29,289.13534900000377,0.004811130503764038,0.0018350851722061634,0.048373441696166995
0,14,30,299.07900040000095,0.0017413172145924445,0.001435076678171754,0.0426503849029541
0,14,31,308.93411899999774,0.003847186339870942,0.00854380028322339,0.10694877624511719
0,14,32,318.902339799999,0.002563338292847303,0.0010580427828244866,0.036936802864074705
0,14,33,328.7549788000033,0.001608527043241669,0.0033399087842553854,0.06503084182739258
0,14,34,338.5334922000038,0.002791950997727161,0.0020573728485032915,0.050947108268737794
0,14,35,348.4067733999982,0.0027198653882475232,0.0018106720643118023,0.04710919857025146
0,14,36,358.3034794999985,0.0022668872605374254,0.0011094030807726086,0.03760341882705689
0,14,37,368.1280026000022,0.0035612751909700983,0.0009360593510791659,0.035052692890167235
0,14,38,377.97869699999865,0.0014491311105137522,0.0015582691878080368,0.04353426456451416
0,14,39,387.7136088999978,0.0022671188913095234,0.003138129273429513,0.062225174903869626
0,14,40,397.46935299999313,0.0028585551944243807,0.001003159722313285,0.03556972026824951
0,14,41,407.18745409999974,0.0014066235519501126,0.0009699665126390756,0.036014070510864256
0,14,42,416.98937009999645,0.0018775924294128674,0.0009699334274046123,0.035134761333465575
0,14,43,426.7610604999936,0.0030324206851549784,0.0014242716832086443,0.041957030296325686
0,14,44,436.5782487999968,0.001335976280229674,0.001084683567751199,0.03736199140548706
0,14,45,446.4231960000034,0.001369221602958119,0.0006246890872716904,0.028532192707061768
0,14,46,456.29998799999885,0.0020905921582280744,0.0008404803695157171,0.03334146499633789
0,14,47,466.1886536999955,0.0021766172047302298,0.0011278323596343397,0.03881213426589966
0,14,48,475.98849289999634,0.0018692085855449973,0.001951825967989862,0.04714048385620117
0,14,49,485.8311943000008,0.0014035329209450124,0.0009113402687944472,0.033811681270599366
0,14,50,495.6851106999966,0.0013457777782935989,0.0010718434117734433,0.037493724822998044
0,14,51,505.51144550000026,0.002636175774651664,0.0010006790049374103,0.03659595251083374
0,14,52,515.3368247000035,0.001064381350509145,0.001749558956362307,0.04665214538574219
0,14,53,525.1370526999963,0.002362665176571516,0.0019956367556005715,0.048618559837341306
0,14,54,535.0311996999953,0.001578283467097208,0.0006579541368409991,0.0297410249710083
0,14,55,544.9165328999952,0.0010072538055035031,0.004837358137592673,0.07681941032409668
0,14,56,554.6887118000013,0.001692866581089964,0.0008152902242727578,0.032063639163970946
0,14,57,564.5549317999976,0.0011091831025127744,0.0026315861381590367,0.05709975719451904
0,14,58,574.4519235000043,0.0019059099577134475,0.0022672077175229788,0.053200669288635254
0,14,59,584.325058500006,0.0016071031125399961,0.003181413747370243,0.06170912742614746
0,14,60,594.2061807999999,0.0011729661134516143,0.00044375460129231215,0.02427248954772949
1,14,0,0.0,nan,27.78700370788574,6.013585815429687
1,14,1,13.117736100000911,1.2801307725974105,0.07516249418258666,0.3147894859313965
1,14,2,23.012691700001596,0.0518965357914567,0.029229314625263215,0.19259365081787108
1,14,3,32.97971440000401,0.027315498499030418,0.019249480031430722,0.15512125968933105
1,14,4,42.887893200007966,0.016420407792214643,0.010635567642748357,0.11470366477966308
1,14,5,52.77184080000734,0.00898756584237245,0.005799451749771834,0.085133056640625
1,14,6,62.621326799999224,0.005486357216299934,0.004188323719426989,0.07354827404022217
1,14,7,72.49478629999794,0.004522043682465499,0.0034547347109764814,0.0663223648071289
1,14,8,82.3977070999972,0.004075984798625789,0.003011743864044547,0.061628351211547854
1,14,9,92.25047650000488,0.0033353467482480814,0.002657129243016243,0.05817508220672608
1,14,10,102.14019260001078,0.0030145164399238474,0.0024814318399876355,0.05567573547363281
1,14,11,111.95236580001074,0.002836689876858145,0.002372012170962989,0.05488258361816406
1,14,12,121.94648620000225,0.0028461254392327232,0.0020131298108026384,0.0504717206954956
1,14,13,131.8906769000023,0.0030024547648446805,0.0021269765216857194,0.05237543106079102
1,14,14,141.77527530000953,0.0029192848385057664,0.002184359519742429,0.05236456871032715
1,14,15,151.58405079999648,0.0028200623822737148,0.0017003808170557022,0.0472196102142334
1,14,16,161.33005650000996,0.003631337490250272,0.00523581113666296,0.07873982429504395
1,14,17,171.1890226000105,0.002621098916279152,0.0014924747170880436,0.04313225269317627
1,14,18,181.03960820000793,0.003547594371907921,0.010987987741827965,0.1162582778930664
1,14,19,190.9295664000092,0.00468369117482904,0.0038268717005848886,0.06940728187561035
1,14,20,200.76479950000066,0.0021681031714913183,0.001612772629596293,0.04568660736083984
1,14,21,210.6628525999986,0.0025942044369664722,0.004197785630822182,0.07077213764190673
1,14,22,220.5487601000059,0.0036342007145073944,0.001366509241051972,0.04155499458312988
1,14,23,230.4197431000066,0.002843860203442587,0.0020701003028079866,0.050601024627685544
1,14,24,240.23339680000208,0.0037076348301277244,0.0011325129424221813,0.03808727264404297
1,14,25,250.0786206000048,0.0034683974967761474,0.004314099717885256,0.076455397605896
1,14,26,259.9647265000094,0.003194334988207133,0.0019989718683063986,0.04822810649871826
1,14,27,269.79776509999647,0.0019717398311265492,0.000990232254844159,0.03518828868865967
1,14,28,279.5916971999977,0.0032971329320306804,0.003810602705925703,0.06712141036987304
1,14,29,289.452406299999,0.002661712232193994,0.0014812140841968357,0.04171523094177246
1,14,30,299.3087774000014,0.0017550039258573881,0.012357562780380249,0.12306934356689453
1,14,31,309.1637641999987,0.006495579204056412,0.001883669476956129,0.049172348976135254
1,14,32,318.9688487000094,0.001542709785016169,0.0019713455811142923,0.051034369468688966
1,14,33,328.89496489999874,0.0052160941678184,0.006128605548292398,0.09070961952209472
1,14,34,338.67215240000223,0.0020318597049812192,0.0008857080712914467,0.03368702173233032
1,14,35,348.4731368000066,0.002114867274279029,0.001087147428188473,0.03780340671539307
1,14,36,358.19698130000324,0.0025284090238115327,0.0008234969223849476,0.03188129901885986
1,14,37,367.9994286000001,0.003034023646085354,0.0015682824538089334,0.044045634269714355
1,14,38,378.2213134000049,0.0027158328395506196,0.002470038249157369,0.054450488090515135
1,14,39,389.9549551000091,0.002274455797636289,0.0009653705172240734,0.03484621524810791
1,14,40,401.4434020000044,0.0025722980790305883,0.0027118540834635495,0.05822447776794434
1,14,41,412.765976900002,0.0031010354141471907,0.0027775124181061983,0.058990478515625
1,14,42,424.00609260000056,0.0039723960124485366,0.0021148472325876353,0.04948559284210205
1,14,43,435.4453593000071,0.0014533165310488337,0.0016558509320020675,0.04669792652130127
1,14,44,446.7017784000054,0.0017982493009185418,0.0008425811538472772,0.032471113204956055
1,14,45,457.9978203000064,0.0012959028271407906,0.0015949612949043511,0.04569484710693359
1,14,46,469.12533560000884,0.0038502794857115737,0.003722814004868269,0.0706289005279541
1,14,47,480.376740000007,0.0022470845221753484,0.0015460573951713741,0.04374173641204834
1,14,48,491.5317242000019,0.0010100528220804831,0.0034198168199509383,0.06654509067535401
1,14,49,502.78038240000024,0.001982384270046499,0.0016631115111522376,0.045267372131347655
1,14,50,513.8854384000006,0.0007653428031269207,0.0008809479535557329,0.0346170449256897
1,14,51,524.9592971000093,0.0058340110686417165,0.0007825171342119575,0.03188319683074951
1,14,52,536.2056034999987,0.002104898781081746,0.0006163226789794862,0.027884373664855956
1,14,53,548.2904922000016,0.00048607223024274305,0.0004693700757343322,0.023906545639038088
1,14,54,560.2883361999993,0.0009249123084538786,0.0005153029109351337,0.026287169456481935
1,14,55,571.4836368000106,0.0016787858138823967,0.003891914151608944,0.06730797290802001
1,14,56,582.7288517999987,0.0037997774965002795,0.00043177885236218573,0.023023407459259033
1,14,57,594.0077224999986,0.0008422411781132475,0.0008367690956220031,0.03137756586074829
1,14,58,605.4285384999966,0.001426463392404416,0.0007635372458025813,0.030575830936431885
1,14,59,616.6299285999994,0.0027290118907165543,0.0019046827452257275,0.048687953948974606
1,14,60,628.0014550000051,0.001768479639643126,0.00036303888191469014,0.021820292472839356
2,14,0,0.0,nan,5.976859664916992,2.8231622314453126
2,14,1,14.78502500000468,0.4207030197774822,0.0273361761122942,0.18628257751464844
2,14,2,26.107535000002827,0.019250383558259768,0.006672043446451425,0.09172017097473145
2,14,3,37.480108999996446,0.005260277486575598,0.003483112948015332,0.06798959255218506
2,14,4,48.701899399995455,0.003481341790492562,0.0026759378146380187,0.05937821388244629
2,14,5,59.834290899991174,0.003025931068061089,0.0022488427115604282,0.05495820045471191
2,14,6,71.25694009999279,0.00250403640199114,0.0025674024363979697,0.05831027507781982
2,14,7,82.32410610000079,0.0022985454521734605,0.001925715827383101,0.051188416481018066
2,14,8,93.55559849999554,0.002335780660029162,0.004835884552448988,0.0799561882019043
2,14,9,104.78377919999184,0.0020435478892812334,0.0016747447196394205,0.046783370971679686
2,14,10,116.05157569999574,0.003534250593723052,0.00128026669844985,0.04127495765686035
2,14,11,127.27578490000451,0.0014635828424202787,0.0010346438852138818,0.03755307912826538
2,14,12,138.6388231000019,0.002882267859108238,0.0010547649930231274,0.03829355478286743
2,14,13,149.80173150000337,0.0015499376353215087,0.001304484368301928,0.04276566982269287
2,14,14,161.0931908999919,0.0020734685610725796,0.0009137320099398494,0.0352536940574646
2,14,15,172.40505079999275,0.003025570819524794,0.0010692633804865181,0.039300851821899414
2,14,16,183.5750357999932,0.0017539714357223022,0.0017228342709131538,0.04553413391113281
2,14,17,194.81075429999328,0.000921508384635672,0.0013836704194545746,0.04083531379699707
2,14,18,206.0202358999959,0.0035642612611726772,0.0015107086976058782,0.04353682518005371
2,14,19,217.41786790000333,0.0009507946537765251,0.0005339140770956874,0.027662792205810548
2,14,20,228.72165540000424,0.001085280833649449,0.000534113502362743,0.026859617233276366
2,14,21,239.80126649999875,0.0013344679821536622,0.0005327191669493913,0.027401487827301025
2,14,22,250.7940224000049,0.00342024795033715,0.000723963009659201,0.032166903018951414
2,14,23,261.9758819999988,0.001071319802907634,0.0009561510058119893,0.03586374759674072
2,14,24,273.3002228999976,0.0011148270925993777,0.0008812646032311022,0.034488365650177
2,14,25,284.43635760000325,0.0014653477734431033,0.0005516981065738947,0.027876851558685304
2,14,26,296.1196115999919,0.0024173793181861665,0.0005889068997930735,0.02806807279586792
2,14,27,307.26313589999336,0.0011830617890650915,0.0007899083604570479,0.030711169242858886
2,14,28,318.443532099991,0.0016950440357587386,0.0004136932082474232,0.023792340755462646
2,14,29,329.614691499999,0.0008422720347880386,0.0013985642232000827,0.041275982856750486
2,14,30,340.77561470000364,0.0027481676092561843,0.0014200548641383648,0.04344269275665283
2,14,31,351.95258679999097,0.0008818746209726669,0.003541887504979968,0.06582400798797608
2,14,32,363.1615563999949,0.0016778656804076904,0.00038006084796506914,0.021713743209838866
2,14,33,374.39649230000214,0.001990034590893298,0.00184783183503896,0.04940956592559814
2,14,34,385.5984576000046,0.0021567697351036422,0.0006251815531868488,0.028596420288085938
2,14,35,396.6326143000042,0.0014433499024810524,0.008167375344783068,0.10174768447875976
2,14,36,407.9259266000008,0.002796408840698529,0.0002963966107927263,0.020025856494903564
2,14,37,419.19501349999337,0.0004226841847412288,0.0005646273610182106,0.026825401782989502
2,14,38,430.4669092999975,0.0010149991761533204,0.0022184849716722966,0.0527216625213623
2,14,39,441.6841198000038,0.0013289342029813931,0.0002819387271301821,0.019825314283370973
2,14,40,452.73898579999513,0.0009366437384001488,0.0020605230005458,0.04987772464752197
2,14,41,464.0171781999961,0.0038118522755791096,0.0005567645072005689,0.02727684736251831
2,14,42,475.3564755999978,0.0005322837724551474,0.00022234760108403863,0.01758935809135437
2,14,43,486.5540139999939,0.00030590143366928464,0.00020651892409659923,0.016714850664138792
2,14,44,497.8144481999916,0.002998857498989144,0.0025359952822327616,0.05547470092773438
2,14,45,508.95414220000384,0.0006566829906660132,0.00035525706480257215,0.022255394458770752
2,14,46,519.9150860999944,0.0006786768122269264,0.000215037984889932,0.017130687236785888
2,14,47,530.9717406999989,0.0010509604769388468,0.004843132896348834,0.07785707473754883
2,14,48,542.1535961999907,0.0019985020990134217,0.0014292125473730267,0.0416879940032959
2,14,49,553.319551499997,0.0008557118807485411,0.00048438416561111806,0.024088826179504395
2,14,50,564.4975776999927,0.0005127888586933047,0.0012532619177363813,0.03941118478775024
2,14,51,575.8012415999983,0.001270967527075713,0.003354586847126484,0.06561512470245362
2,14,52,587.0332807999948,0.001017384479796006,0.0007091968844179064,0.030394184589385986
2,14,53,598.1367522999935,0.0009066735047698868,0.0003205266199074686,0.01930305004119873
2,14,54,609.1649573000032,0.0011981130952666388,0.0030737207038328052,0.060021677017211915
2,14,55,620.3439833000011,0.0009701567955330988,0.00046813758672215044,0.024729492664337157
2,14,56,631.559050099997,0.0017289075231846337,0.0007222056912723929,0.02990250587463379
2,14,57,642.7643074999942,0.0004342481181745163,0.00042934403172694146,0.023738627433776856
2,14,58,654.0629577999935,0.0026090023311553523,0.005295695969834924,0.08109567642211914
2,14,59,665.2906062999973,0.0019207836389382878,0.00021796672663185746,0.01678629159927368
2,14,60,676.6773366999987,0.00026964545329313046,0.00016287433682009577,0.01477808952331543
